german,english,article,german_sentence,english_sentence
das,the,,Das ist das Buch.,That is the book.
und,and,,Ich und du.,Me and you.
sein,to be,,Ich bin müde.,I am tired.
in,in,,In der Schule.,In the school.
ein,a/an,,Ein Apfel.,An apple.
zu,to,,Zum Bahnhof.,To the train station.
haben,to have,,Ich habe Hunger.,I am hungry.
ich,I,,Ich komme.,I am coming.
werden,to become,,Es wird kalt.,It is getting cold.
der,the,m,Der Mann.,The man.
sie,they/she/it,,Sie sind hier.,They are here.
von,of/from,,Von Berlin.,From Berlin.
nicht,not,,Nicht jetzt.,Not now.
die,the,f,Die Frau.,The woman.
mit,with,,Mit dir.,With you.
es,it,,Es regnet.,It is raining.
auf,on,,Auf dem Tisch.,On the table.
sich,himself/herself/itself,,Er wäscht sich.,He washes himself.
dass,that,,Ich weiß,dass...
er,he,,Er läuft.,He runs.
als,as/than,,Als Kind.,As a child.
an,to/at,,An der Wand.,On the wall.
für,for,,Für dich.,For you.
ist,is,,Es ist gut.,It is good.
zu,to,,Zu Hause.,At home.
aus,out of,,Aus Deutschland.,From Germany.
um,around/at,,Um 8 Uhr.,At 8 o'clock.
nach,after/to,,Nach Hause.,Home.
bei,at/by,,Bei mir.,At my place.
sein,his/its/to be,,Sein Auto.,His car.
oder,or,,Tea oder Kaffee?,Tea or coffee?
wie,how/as,,Wie geht's?,How are you?
aber,but,,Aber nein!,But no!
mehr,more,,Mehr Wasser.,More water.
einen,a/an,m,Einen Moment.,One moment.
man,one/people,,Man sagt...,People say...
so,so/thus,,So ist es.,That's how it is.
was,what,,Was ist das?,What is that?
nur,only,,Nur du.,Only you.
wie,like/as,,Wie ein Kind.,Like a child.
über,about/over,,Über das Buch.,About the book.
auch,also/too,,Ich auch.,Me too.
du,you,,Du bist hier.,You are here.
im,in the,,Im Sommer.,In the summer.
noch,still/yet,,Noch nicht.,Not yet.
wenn,if/when,,Wenn es regnet.,If it rains.
sagen,to say,,Er sagt nein.,He says no.
machen,to do/make,,Was machst du?,What are you doing?
können,can/be able,,Ich kann kommen.,I can come.
kommen,to come,,Komm her!,Come here!
vor,before/in front of,,Vor dem Haus.,In front of the house.
gehen,to go,,Ich gehe jetzt.,I'm going now.
wollen,to want,,Ich will das.,I want that.
gut,good,,Sehr gut!,Very good!
geben,to give,,Gib mir das.,Give me that.
da,there,,Da drüben.,Over there.
schon,already,,Schon fertig?,Already done?
wieder,again,,Noch einmal wieder.,Once again.
sehen,to see,,Ich sehe dich.,I see you.
lassen,to let/leave,,Lass mich!,Let me!
dann,then,,Dann gehe ich.,Then I'll go.
sehr,very,,Sehr schön.,Very nice.
hier,here,,Hier bitte.,Here you go.
jetzt,now,,Jetzt sofort!,Now immediately!
immer,always,,Immer wieder.,Again and again.
den,the,m,Den ganzen Tag.,The whole day.
kein,no/none,,Kein Problem.,No problem.
etwas,something,,Etwas Wasser.,Some water.
haben,to have,,Wir haben Zeit.,We have time.
ihm,him,,Gib ihm das.,Give it to him.
ja,yes,,Ja,klar.
müssen,to have to,,Ich muss gehen.,I have to go.
ihre,her/their,,Ihre Tasche.,Her bag.
mal,times/once,,Einmal bitte.,Once please.
uns,us,,Hilf uns!,Help us!
ihnen,them/to them,,Gib ihnen das.,Give it to them.
durch,through,,Durch den Park.,Through the park.
alles,everything/all,,Alles klar?,All good?
wo,where,,Wo bist du?,Where are you?
mir,me/to me,,Gib mir...,Give me...
wir,we,,Wir gehen.,We go.
zur,to the,,Zur Schule.,To school.
unsere,our,,Unsere Familie.,Our family.
wird,becomes/is,,Es wird dunkel.,It gets dark.
euch,you (pl.),,Ich sehe euch.,I see you all.
dein,your,,Dein Buch.,Your book.
aus,out,,Raus hier!,Out here!
zurück,back,,Komm zurück!,Come back!
deutsch,German,,Auf Deutsch.,In German.
jahr,year,,Letztes Jahr.,Last year.
leben,to live,,Ich lebe hier.,I live here.
groß,big,,Ein großes Haus.,A big house.
war,was,,Es war schön.,It was nice.
soll,should/shall,,Das soll ich machen.,I should do that.
zeit,time,,Keine Zeit.,No time.
weg,way/away,,Geh weg!,Go away!
denn,because,,Komm denn!,Come on then!
viel,much/a lot,,Viel Glück!,Good luck!
wissen,to know,,Ich weiß nicht.,I don't know.
unter,under,,Unter dem Tisch.,Under the table.
noch,still,,Noch ein Bier?,Another beer?
dieser,this,,Dieser Mann.,This man.
besser,better,,Viel besser.,Much better.
wieder,again,,Wieder da?,Back again?
neu,new,,Ein neues Auto.,A new car.
lang,long,,Wie lange?,How long?
viel,many/a lot,,Viele Leute.,Many people.
heute,today,,Heute Abend.,Tonight.
alle,all,,Alle zusammen.,All together.
frau,woman,,Die Frau dort.,The woman there.
geld,money,,Kein Geld.,No money.
tag,day,,Guten Tag!,Good day!
bleiben,to stay,,Ich bleibe hier.,I stay here.
ende,end,,Am Ende.,At the end.
warum,why,,Warum nicht?,Why not?
wurde,became/was,,Es wurde kalt.,It got cold.
beide,both,,Beide Hände.,Both hands.
dort,there,,Dort drüben.,Over there.
welt,world,,Die ganze Welt.,The whole world.
letzte,last,,Letzte Woche.,Last week.
zwischen,between,,Zwischen uns.,Between us.
wer,who,,Wer ist das?,Who is that?
stadt,city,,In der Stadt.,In the city.
kind,child,,Das Kind spielt.,The child plays.
deutsche,German (pl.),,Deutsche Sprache.,German language.
land,country,,In Deutschland.,In Germany.
arbeiten,to work,,Ich arbeite.,I work.
während,during,,Während des Films.,During the movie.
haus,house,n,Mein Haus.,My house.
machen,to make/do,,Mach das!,Do that!
hand,hand,f,Eine Hand.,One hand.
zwei,two,,Zwei Bier.,Two beers.
sagen,to say/tell,,Sag mir!,Tell me!
leben,life,,Das Leben.,Life.
mann,man,m,Der alte Mann.,The old man.
jeder,every/each,,Jeder Tag.,Every day.
name,name,m,Dein Name?,Your name?
werden,will/future,,Ich werde kommen.,I will come.
weg,way/path,,Der Weg.,The way.
frauen,women,,Viele Frauen.,Many women.
zurück,back,,Zurückkommen.,Come back.
finden,to find,,Ich finde es.,I find it.
polizei,police,f,Die Polizei kommt.,The police are coming.
frage,question,f,Eine Frage.,A question.
recht,right/law,,Du hast recht.,You are right.
nie,never,,Nie wieder.,Never again.
schön,nice/beautiful,,Sehr schön!,Very nice!
geld,money,n,Viel Geld.,A lot of money.
mensch,person/human,m,Der Mensch.,The person.
sache,thing,f,Eine Sache.,One thing.
drei,three,,Drei Tage.,Three days.
nicht,not,,Nicht wahr?,Isn't that so?
können,to be able to,,Kannst du?,Can you?
deutschland,Germany,,In Deutschland.,In Germany.
gut,well/good,,Gut gemacht!,Well done!
wort,word,n,Ein Wort.,One word.
woche,week,f,Diese Woche.,This week.
gegen,against,,Gegen dich.,Against you.
weit,further/far,,Weitergehen.,Go further.
ohne,without,,Ohne dich.,Without you.
einmal,once,,Einmal nur.,Just once.
uhr,clock/o'clock,f,Wie spät ist es?,What time is it?
stehen,to stand,,Ich stehe auf.,I stand up.
familie,family,f,Meine Familie.,My family.
liegen,to lie,,Es liegt dort.,It lies there.
bleiben,to remain,,Bleib hier!,Stay here!
später,later,,Bis später!,See you later!
morgen,tomorrow/morning,,Morgen früh.,Tomorrow morning.
dann,then,,Und dann?,And then?
nehmen,to take,,Nimm das!,Take that!
halten,to hold/stop,,Halt an!,Stop!
auto,car,n,Mein Auto.,My car.
habe,I have,,Ich habe es.,I have it.
ab,from/off,,Ab morgen.,From tomorrow.
erste,first,,Der erste Platz.,First place.
lassen,to let,,Lass uns gehen.,Let's go.
schauen,to look,,Schau mal!,Look!
wasser,water,n,Kaltes Wasser.,Cold water.
lange,long (time),,Wie lange?,How long?
genug,enough,,Genug jetzt!,Enough now!
gibt,gives/there is,,Es gibt...,There is...
tun,to do,,Was tust du?,What are you doing?
junge,boy,m,Der kleine Junge.,The little boy.
platz,place/square,m,Am Platz.,At the square.
einfach,simple,,Ganz einfach.,Very simple.
ende,end,n,Das Ende.,The end.
glauben,to believe,,Ich glaube nicht.,I don't believe.
möglich,possible,,Ist das möglich?,Is that possible?
minute,minute,f,Eine Minute.,One minute.
freund,friend,m,Mein bester Freund.,My best friend.
mädchen,girl,n,Das Mädchen.,The girl.
arbeiten,to work,,Bei der Arbeit.,At work.
müde,tired,,Ich bin müde.,I am tired.
alt,old,,Wie alt?,How old?
tag,day,m,Der ganze Tag.,The whole day.
beispiel,example,n,Zum Beispiel.,For example.
wichtig,important,,Sehr wichtig.,Very important.
sprechen,to speak,,Sprich Deutsch!,Speak German!
weg,away,,Weggehen.,Go away.
bringen,to bring,,Bring mir...,Bring me...
nacht,night,f,Gute Nacht!,Good night!
kopf,head,m,Mein Kopf.,My head.
liebe,love,f,In Liebe.,With love.
denken,to think,,Ich denke...,I think...
heißt,is called,,Wie heißt du?,What's your name?
kommen,to come,,Komm schnell!,Come quickly!
fast,almost,,Fast fertig.,Almost done.
machen,to make,,Mach schnell!,Hurry up!
hören,to hear,,Hör zu!,Listen!
lassen,to leave,,Lass es!,Leave it!
schlafen,to sleep,,Ich will schlafen.,I want to sleep.
essen,to eat,,Ich esse jetzt.,I'm eating now.
trinken,to drink,,Was trinkst du?,What are you drinking?
finden,to find,,Wo finde ich...?,Where do I find...?
schreiben,to write,,Schreib mir!,Write to me!
lesen,to read,,Ich lese.,I am reading.
lernen,to learn,,Deutsch lernen.,Learn German.
verstehen,to understand,,Verstehst du?,Do you understand?
fragen,to ask,,Darf ich fragen?,May I ask?
antworten,to answer,,Antworte mir!,Answer me!
helfen,to help,,Kannst du helfen?,Can you help?
öffnen,to open,,Mach auf!,Open up!
schließen,to close,,Mach zu!,Close!
zahlen,to pay,,Ich zahle.,I'll pay.
kaufen,to buy,,Was kaufst du?,What are you buying?
verkaufen,to sell,,Zu verkaufen.,For sale.
kosten,to cost,,Wie viel kostet das?,How much does it cost?
teuer,expensive,,Zu teuer!,Too expensive!
billig,cheap,,Sehr billig.,Very cheap.
groß,big/large,,Zu groß.,Too big.
klein,small,,Zu klein.,Too small.
schön,beautiful,,Wie schön!,How beautiful!
hässlich,ugly,,Nicht hässlich.,Not ugly.
warm,warm,,Es ist warm.,It is warm.
kalt,cold,,Mir ist kalt.,I am cold.
heiß,hot,,Sehr heiß.,Very hot.
gut,good,,Gut gemacht!,Well done!
schlecht,bad,,Schlecht für dich.,Bad for you.
richtig,right/correct,,Das ist richtig.,That's correct.
falsch,wrong,,Total falsch.,Totally wrong.
leicht,easy,,Ganz leicht.,Very easy.
schwer,difficult,,Zu schwer.,Too difficult.
schnell,fast,,Sehr schnell.,Very fast.
langsam,slow,,Geh langsam!,Go slowly!
früh,early,,Zu früh.,Too early.
spät,late,,Zu spät!,Too late!
heute,today,,Heute nicht.,Not today.
morgen,tomorrow,,Bis morgen!,See you tomorrow!
gestern,yesterday,,Gestern Abend.,Yesterday evening.
bald,soon,,Bis bald!,See you soon!
jetzt,now,,Jetzt oder nie!,Now or never!
sofort,immediately,,Sofort kommen!,Come immediately!
bitte,please,,Bitte schön.,You're welcome.
danke,thank you,,Vielen Dank!,Thank you very much!
entschuldigung,sorry/excuse me,,Entschuldigung!,Sorry!
hallo,hello,,Hallo zusammen!,Hello everyone!
tschüss,bye,,Tschüss dann!,Bye then!
ja,yes,,Ja genau.,Yes exactly.
nein,no,,Nein danke.,No thank you.
vielleicht,maybe,,Vielleicht später.,Maybe later.
natürlich,of course,,Natürlich!,Of course!
klar,clear/sure,,Klar doch!,Sure!
genau,exactly,,Genau das.,Exactly that.
stimmt,right (agreed),,Stimmt!,Right!
okay,okay,,Okay,gut.
super,great,,Super Idee!,Great idea!
toll,great,,Total toll!,Totally great!
schade,pity,,Wie schade!,What a pity!
leider,unfortunately,,Leider nicht.,Unfortunately not.
gern,gladly,,Sehr gern!,With pleasure!
gerne,gladly,,Ich komme gerne.,I'll gladly come.
willkommen,welcome,,Herzlich willkommen!,Warm welcome!
prost,cheers,,Prost!,Cheers!
gesundheit,bless you,,Gesundheit!,Bless you!
viel,much,,Vielen Dank!,Many thanks!
wenig,little,,Zu wenig.,Too little.
alle,all,,Alle zusammen!,All together!
jeder,everyone,,Jeder weiß das.,Everyone knows that.
niemand,nobody,,Niemand da.,Nobody there.
etwas,something,,Etwas Neues.,Something new.
nichts,nothing,,Nichts los.,Nothing going on.
alles,everything,,Alles gut?,Everything okay?
irgendwo,somewhere,,Irgendwo hier.,Somewhere here.
nirgendwo,nowhere,,Nirgendwo finden.,Can't find anywhere.
überall,everywhere,,Überall Leute.,People everywhere.
hier,here,,Hier bleiben.,Stay here.
dort,there,,Dort drüben.,Over there.
links,left,,Nach links.,To the left.
rechts,right,,Nach rechts.,To the right.
gerade,straight,,Geradeaus.,Straight ahead.
oben,above,,Oben drauf.,On top.
unten,below,,Unten drunter.,Underneath.
vor,front/in front,,Vor dem Haus.,In front of the house.
hinter,behind,,Hinter dir.,Behind you.
neben,next to,,Neben mir.,Next to me.
in,in/into,,In die Tasche.,Into the pocket.
aus,out of,,Aus dem Weg!,Out of the way!
an,on/to,,An die Wand.,On the wall.
auf,on/onto,,Auf den Tisch.,On the table.
unter,under,,Unter dem Bett.,Under the bed.
über,over,,Über die Brücke.,Over the bridge.
zwischen,between,,Zwischen zwei Stühlen.,Between two chairs.
bei,at/by,,Bei Freunden.,At friends' place.
gegen,against,,Gegen die Wand.,Against the wall.
ohne,without,,Ohne Zucker.,Without sugar.
mit,with,,Mit Milch.,With milk.
für,for,,Für dich.,For you.
von,from/of,,Von mir.,From me.
zu,to,,Zu dir.,To you.
nach,to/after,,Nach Hause.,Home.
vor,before,,Vor zwei Jahren.,Two years ago.
seit,since,,Seit gestern.,Since yesterday.
bis,until,,Bis später!,Until later!
während,during,,Während der Pause.,During the break.
wegen,because of,,Wegen dir.,Because of you.
trotz,despite,,Trotz Regen.,Despite rain.
durch,through,,Durch die Stadt.,Through the city.
um,around,,Um die Ecke.,Around the corner.
entlang,along,,Die Straße entlang.,Along the street.
gegenüber,opposite,,Gegenüber vom Bahnhof.,Opposite the station.
neben,next to,,Neben dem Park.,Next to the park.
hinter,behind,,Hinter dem Baum.,Behind the tree.
vor,in front of,,Vor der Tür.,In front of the door.
unter,under,,Unter dem Tisch.,Under the table.
auf,on,,Auf dem Dach.,On the roof.
in,in,,In der Küche.,In the kitchen.
aus,out of,,Aus dem Fenster.,Out of the window.
an,at/on,,An der Haltestelle.,At the stop.
zu,to,,Zum Arzt.,To the doctor.
ich,I,,Ich bin's.,It's me.
du,you,,Du zuerst.,You first.
er,he,,Er kommt.,He is coming.
sie,she,,Sie läuft.,She runs.
es,it,,Es regnet.,It rains.
wir,we,,Wir bleiben.,We stay.
ihr,you (pl.),,Ihr seid toll.,You are great.
sie,they,,Sie kommen.,They come.
mich,me,,Sieh mich an!,Look at me!
dich,you,,Ich liebe dich.,I love you.
ihn,him,,Ich sehe ihn.,I see him.
sie,her,,Ich liebe sie.,I love her.
uns,us,,Hilf uns!,Help us!
euch,you (pl.),,Ich rufe euch.,"How to say ""I call you all""?"
ihnen,them,,Gib ihnen das.,Give them that.
mein,my,,Mein Name.,My name.
dein,your,,Dein Hund.,Your dog.
sein,his/its,,Sein Freund.,His friend.
ihr,her/their,,Ihr Buch.,Her book.
unser,our,,Unser Haus.,Our house.
euer,your (pl.),,Euer Auto.,Your car.
ihr,their,,Ihr Problem.,Their problem.
dieser,this (m),,Dieser Tag.,This day.
diese,this (f),,Diese Frau.,This woman.
dieses,this (n),,Dieses Kind.,This child.
dies,these,,Diese Leute.,These people.
jener,that (m),,Jener Mann.,That man.
jene,that (f),,Jene Stadt.,That city.
jenes,that (n),,Jenes Buch.,That book.
jene,those,,Jene Zeiten.,Those times.
welcher,which (m),,Welcher Weg?,Which way?
welche,which (f),,Welche Farbe?,Which color?
welches,which (n),,Welches Haus?,Which house?
welche,which (pl.),,Welche Bücher?,Which books?
mein,my,,Mein Freund.,My friend.
dein,your,,Deine Schwester.,Your sister.
sein,his,,Sein Bruder.,His brother.
ihr,her,,Ihre Mutter.,Her mother.
unser,our,,Unsere Kinder.,Our children.
euer,your (pl.),,Eure Eltern.,Your parents.
ihr,their,,Ihre Freunde.,Their friends.
kein,no (m),,Kein Geld.,No money.
keine,no (f),,Keine Zeit.,No time.
kein,no (n),,Kein Problem.,No problem.
keine,no (pl.),,Keine Lust.,No desire.
ein,a (m),,Ein Mann.,A man.
eine,a (f),,Eine Frau.,A woman.
ein,a (n),,Ein Kind.,A child.
einen,a (m acc.),,Einen Apfel.,An apple.
eine,a (f acc.),,Eine Katze.,A cat.
ein,a (n acc.),,Ein Auto.,A car.
eins,one,,Eins,zwei
zwei,two,,Zwei Euro.,Two euros.
drei,three,,Drei Personen.,Three people.
vier,four,,Vier Wochen.,Four weeks.
fünf,five,,Fünf Minuten.,Five minutes.
sechs,six,,Sechs Uhr.,Six o'clock.
sieben,seven,,Sieben Tage.,Seven days.
acht,eight,,Acht Stunden.,Eight hours.
neun,nine,,Neun Leben.,Nine lives.
zehn,ten,,Zehn Finger.,Ten fingers.
elf,eleven,,Elf Spieler.,Eleven players.
zwölf,twelve,,Zwölf Monate.,Twelve months.
zwanzig,twenty,,Zwanzig Jahre.,Twenty years.
dreißig,thirty,,Dreißig Minuten.,Thirty minutes.
vierzig,forty,,Vierzig Prozent.,Forty percent.
fünfzig,fifty,,Fünfzig Euro.,Fifty euros.
sechzig,sixty,,Sechzig Sekunden.,Sixty seconds.
siebzig,seventy,,Siebzig Jahre.,Seventy years.
achtzig,eighty,,Achtzig Kilometer.,Eighty kilometers.
neunzig,ninety,,Neunzig Tage.,Ninety days.
hundert,hundred,,Hundert Leute.,Hundred people.
tausend,thousand,,Tausend Dank!,A thousand thanks!
erster,first (m),,Der erste Platz.,First place.
zweite,second (f),,Die zweite Chance.,The second chance.
dritte,third (n),,Das dritte Mal.,The third time.
letzte,last (m),,Der letzte Tag.,The last day.
nächste,next (f),,Die nächste Woche.,Next week.
vorige,previous (n),,Das vorige Jahr.,The previous year.
wie,how,,Wie bitte?,Pardon?
warum,why,,Warum fragst du?,Why do you ask?
wo,where,,Wo wohnst du?,Where do you live?
wann,when,,Wann kommst du?,When are you coming?
wer,who,,Wer ist da?,Who is there?
was,what,,Was machst du?,What are you doing?
welcher,which,,Welcher Bus?,Which bus?
wieviel,how much,,Wieviel kostet das?,How much does it cost?
wieviele,how many,,Wieviele Leute?,How many people?
ja,yes,,Ja,gerne.
nein,no,,Nein,danke.
oder,or,,Kaffee oder Tee?,Coffee or tea?
und,and,,Brot und Butter.,Bread and butter.
aber,but,,Aber ja!,But yes!
weil,because,,Weil ich müde bin.,Because I am tired.
dass,that,,Ich weiß,dass...
ob,whether/if,,Ich weiß nicht,ob...
wenn,if/when,,Wenn du willst.,If you want.
als,when/as,,Als ich klein war.,When I was little.
bevor,before,,Bevor du gehst.,Before you go.
nachdem,after,,Nachdem ich gegessen habe.,After I ate.
damit,so that,,Damit du verstehst.,So that you understand.
obwohl,although,,Obwohl es regnet.,Although it rains.
während,while,,Während du schläfst.,While you sleep.
seit,since,,Seit ich hier bin.,Since I am here.
bis,until,,Bis du kommst.,Until you come.
außer,except,,Außer montags.,Except Mondays.
sonst,or else,,Beeil dich,sonst...
trotzdem,nevertheless,,Trotzdem danke.,Thanks anyway.
deshalb,therefore,,Deshalb komme ich.,That's why I'm coming.
darum,therefore,,Darum sage ich...,That's why I say...
denn,because,,Komm denn her!,Come here then!
nämlich,namely,,Ich meine nämlich...,I mean namely...
also,so/thus,,Also gut.,Alright then.
nun,now,,Nun ja.,Well now.
eigentlich,actually,,Eigentlich nicht.,Actually not.
vielleicht,perhaps,,Vielleicht morgen.,Perhaps tomorrow.
sicher,sure/certainly,,Sicher doch!,Sure!
bestimmt,definitely,,Bestimmt nicht.,Definitely not.
wahrscheinlich,probably,,Wahrscheinlich ja.,Probably yes.
hoffentlich,hopefully,,Hoffentlich nicht.,Hopefully not.
leider,unfortunately,,Leider nein.,Unfortunately no.
glücklicherweise,fortunately,,Glücklicherweise ja.,Fortunately yes.
natürlich,naturally,,Natürlich!,Naturally!
klar,clearly,,Klar,kein Problem.
genau,exactly,,Genau richtig.,Exactly right.
richtig,correct,,Ganz richtig.,Quite correct.
falsch,wrong,,Völlig falsch.,Completely wrong.
wahr,TRUE,,Ist das wahr?,Is that true?
unwahr,FALSE,,Das ist unwahr.,That's false.
möglich,possible,,Alles ist möglich.,Everything is possible.
unmöglich,impossible,,Das ist unmöglich.,That's impossible.
gut,good,,Gut zu wissen.,Good to know.
besser,better,,Besser als nichts.,Better than nothing.
schlecht,bad,,Schlechte Idee.,Bad idea.
schlimm,terrible,,Wie schlimm!,How terrible!
toll,great,,Toll gemacht!,Great job!
super,super,,Super toll!,Super great!
fantastisch,fantastic,,Fantastisch!,Fantastic!
wunderbar,wonderful,,Wunderbar!,Wonderful!
herrlich,gorgeous,,Herrliches Wetter!,Gorgeous weather!
schrecklich,terrible,,Schrecklich kalt.,Terribly cold.
furchtbar,awful,,Furchtbar laut.,Awfully loud.
ekelhaft,disgusting,,Ekelhaft!,Disgusting!
eklig,gross,,Total eklig.,Totally gross!
lustig,funny,,Sehr lustig!,Very funny!
komisch,strange/funny,,Komisch,oder?
seltsam,strange,,Sehr seltsam.,Very strange.
normal,normal,,Ganz normal.,Totally normal.
gewöhnlich,usual,,Wie gewöhnlich.,As usual.
besonders,especially,,Besonders gut.,Especially good.
außergewöhnlich,extraordinary,,Außergewöhnlich schön.,Extraordinarily beautiful.
einfach,simply,,Einfach super.,Simply super.
schwierig,difficult,,Sehr schwierig.,Very difficult.
leicht,easy,,Leicht gesagt.,Easily said.
schnell,quick,,Schnell machen!,Do it quick!
langsam,slow,,Langsam fahren.,Drive slowly.
laut,loud,,Zu laut!,Too loud!
leise,quiet,,Leise sein!,Be quiet!
hoch,high,,Hoch hinaus!,Up high!
tief,deep/low,,Tief im Wald.,Deep in the forest.
breit,wide,,Breite Straße.,Wide street.
schmal,narrow,,Schmaler Weg.,Narrow path.
lang,long,,Langer Weg.,Long way.
kurz,short,,Kurze Pause.,Short break.
dick,thick/fat,,Dicker Pullover.,Thick sweater.
dünn,thin,,Dünnes Eis.,Thin ice.
stark,strong,,Starker Kaffee.,Strong coffee.
schwach,weak,,Schwaches Signal.,Weak signal.
reich,rich,,Sehr reich.,Very rich.
arm,poor,,Arm dran.,Poor thing.
glücklich,happy,,Ich bin glücklich.,I am happy.
traurig,sad,,Ich bin traurig.,I am sad.
fröhlich,cheerful,,Fröhlich sein!,Be cheerful!
wütend,angry,,Ich bin wütend!,I am angry!
böse,angry,,Böse auf dich.,Angry with you.
froh,glad,,Ich bin froh.,I am glad.
stolz,proud,,Ich bin stolz.,I am proud.
eifersüchtig,jealous,,Bist du eifersüchtig?,Are you jealous?
neidisch,envious,,Neidisch sein.,Be envious.
verliebt,in love,,Verliebt sein.,Be in love.
einsam,lonely,,Ich fühle mich einsam.,I feel lonely.
müde,tired,,Total müde.,Totally tired.
wach,awake,,Hellwach.,Wide awake.
hungrig,hungry,,Ich bin hungrig.,I am hungry.
durstig,thirsty,,Mir ist durstig.,I am thirsty.
krank,sick,,Ich bin krank.,I am sick.
gesund,healthy,,Bleib gesund!,Stay healthy!
tot,dead,,Tot müde.,Dead tired.
lebendig,alive,,Lebendig begraben.,Buried alive.
tot,dead,,Mausetot.,Dead as a doornail.
jung,young,,Jung geblieben.,Stayed young.
alt,old,,Alt werden.,Get old.
neu,new,,Brandneu.,Brand new.
gebraucht,used,,Gebraucht kaufen.,Buy used.
sauber,clean,,Sauber machen.,Clean up.
schmutzig,dirty,,Schmutzige Wäsche.,Dirty laundry.
voll,full,,Voll tanken.,Fill up.
leer,empty,,Leer ausgehen.,Come away empty-handed.
offen,open,,Offen sein.,Be open.
geschlossen,closed,,Geschlossen heute.,Closed today.
warm,warm,,Warm anziehen.,Dress warm.
kalt,cold,,Kalt duschen.,Cold shower.
heiß,hot,,Heißer Tee.,Hot tea.
kühl,cool,,Kühl lagern.,Store cool.
nass,wet,,Nass bis auf die Haut.,Wet to the skin.
trocken,dry,,Trocken bleiben.,Stay dry.
hell,bright,,Hell leuchten.,Shine bright.
dunkel,dark,,Dunkel werden.,Get dark.
klar,clear,,Klarer Himmel.,Clear sky.
trüb,cloudy,,Trübes Wetter.,Cloudy weather.
sonnig,sunny,,Sonniger Tag.,Sunny day.
regnerisch,rainy,,Regnerisches Wetter.,Rainy weather.
windig,windy,,Windig heute.,Windy today.
stürmisch,stormy,,Stürmisches Wetter.,Stormy weather.
schnee,snow,,Es schneit.,It is snowing.
eis,ice,,Glattes Eis.,Slippery ice.
nebel,fog,,Dichter Nebel.,Thick fog.
wolke,cloud,,Wolken am Himmel.,Clouds in the sky.
regen,rain,,Es regnet.,It is raining.
schnee,snow,,Schnee fällt.,Snow is falling.
sturm,storm,,Sturm kommt.,Storm is coming.
blitz,lightning,,Blitz und Donner.,Lightning and thunder.
donner,thunder,,Lauter Donner.,Loud thunder.
mond,moon,,Vollmond.,Full moon.
sonne,sun,,Die Sonne scheint.,The sun is shining.
stern,star,,Sternenhimmel.,Starry sky.
himmel,sky/heaven,,Blauer Himmel.,Blue sky.
erde,earth,,Auf der Erde.,On earth.
meer,sea,,Am Meer.,At the sea.
fluss,river,,Der Fluss.,The river.
berg,mountain,,Hoher Berg.,High mountain.
tal,valley,,Im Tal.,In the valley.
wald,forest,,Im Wald.,In the forest.
baum,tree,,Alter Baum.,Old tree.
blume,flower,,Schöne Blume.,Beautiful flower.
gras,grass,,Grünes Gras.,Green grass.
tier,animal,,Wildes Tier.,Wild animal.
hund,dog,,Mein Hund.,My dog.
katze,cat,,Die Katze miaut.,The cat meows.
vogel,bird,,Der Vogel singt.,The bird sings.
fisch,fish,,Frischer Fisch.,Fresh fish.
pferd,horse,,Reites Pferd.,Riding horse.
kuh,cow,,Die Kuh muht.,The cow moos.
schwein,pig,,Das Schwein grunzt.,The pig grunts.
huhn,chicken,,Das Huhn gackert.,The chicken clucks.
ente,duck,,Die Ente schnattert.,The duck quacks.
frosch,frog,,Der Frosch quakt.,The frog croaks.
spinne,spider,,Große Spinne.,Big spider.
biene,bee,,Die Biene summt.,The bee buzzes.
schmetterling,butterfly,,Schöner Schmetterling.,Beautiful butterfly.
rose,rose,,Rote Rose.,Red rose.
baum,tree,,Hoher Baum.,Tall tree.
apfel,apple,,Roter Apfel.,Red apple.
banane,banana,,Reife Banane.,Ripe banana.
orange,orange,,Süße Orange.,Sweet orange.
zitrone,lemon,,Saure Zitrone.,Sour lemon.
wein,grape/wine,,Trauben ernten.,Harvest grapes.
brot,bread,,Frisches Brot.,Fresh bread.
milch,milk,,Frische Milch.,Fresh milk.
käse,cheese,,Alter Käse.,Aged cheese.
ei,egg,,Frisches Ei.,Fresh egg.
fleisch,meat,,Rohes Fleisch.,Raw meat.
fisch,fish,,Gegrillter Fisch.,Grilled fish.
gemüse,vegetables,,Frisches Gemüse.,Fresh vegetables.
kartoffel,potato,,Gebratene Kartoffeln.,Fried potatoes.
tomate,tomato,,Reife Tomate.,Ripe tomato.
salat,salad/lettuce,,Frischer Salat.,Fresh salad.
zucker,sugar,,Weißer Zucker.,White sugar.
salz,salt,,Wenig Salz.,Little salt.
pfeffer,pepper,,Schwarzer Pfeffer.,Black pepper.
öl,oil,,Olivenöl.,Olive oil.
wasser,water,,Kaltes Wasser.,Cold water.
wein,wine,,Roter Wein.,Red wine.
bier,beer,,Kaltes Bier.,Cold beer.
kaffee,coffee,,Starker Kaffee.,Strong coffee.
tee,tea,,Grüner Tee.,Green tea.
saft,juice,,Orangensaft.,Orange juice.
limonade,lemonade,,Kalte Limonade.,Cold lemonade.
haus,house,,Großes Haus.,Big house.
tür,door,,Die Tür ist offen.,The door is open.
fenster,window,,Offenes Fenster.,Open window.
wand,wall,,Weiße Wand.,White wall.
boden,floor,,Sauberer Boden.,Clean floor.
decke,ceiling,,Hohe Decke.,High ceiling.
treppe,stairs,,Die Treppe hoch.,Up the stairs.
zimmer,room,,Mein Zimmer.,My room.
küche,kitchen,,In der Küche.,In the kitchen.
bad,bathroom,,Ins Bad.,To the bathroom.
schlafzimmer,bedroom,,Im Schlafzimmer.,In the bedroom.
wohnzimmer,living room,,Im Wohnzimmer.,In the living room.
garten,garden,,Schöner Garten.,Beautiful garden.
tisch,table,,Am Tisch.,At the table.
stuhl,chair,,Bequemer Stuhl.,Comfortable chair.
bett,bed,,Weiches Bett.,Soft bed.
schrank,wardrobe,,Großer Schrank.,Big wardrobe.
lampe,lamp,,Helle Lampe.,Bright lamp.
bild,picture,,Schönes Bild.,Beautiful picture.
uhr,clock,,Die Uhr tickt.,The clock ticks.
telefon,telephone,,Am Telefon.,On the phone.
computer,computer,,Neuer Computer.,New computer.
fernseher,TV,,Großer Fernseher.,Big TV.
radio,radio,,Lautes Radio.,Loud radio.
buch,book,,Gutes Buch.,Good book.
heft,notebook,,Neues Heft.,New notebook.
stift,pen,,Blauer Stift.,Blue pen.
bleistift,pencil,,Spitzer Bleistift.,Sharp pencil.
papier,paper,,Weißes Papier.,White paper.
tasche,bag,,Meine Tasche.,My bag.
schuh,shoe,,Neue Schuhe.,New shoes.
hose,trousers,,Lange Hose.,Long trousers.
hemd,shirt,,Weißes Hemd.,White shirt.
jacke,jacket,,Warme Jacke.,Warm jacket.
mantel,coat,,Langer Mantel.,Long coat.
kleid,dress,,Schönes Kleid.,Beautiful dress.
rock,skirt,,Kurzer Rock.,Short skirt.
pullover,sweater,,Warmer Pullover.,Warm sweater.
socken,socks,,Warme Socken.,Warm socks.
unterhose,underpants,,Saubere Unterhose.,Clean underpants.
brille,glasses,,Meine Brille.,My glasses.
uhr,watch,,Armbanduhr.,Wristwatch.
ring,ring,,Goldener Ring.,Golden ring.
kette,necklace,,Silberne Kette.,Silver necklace.
stadt,city,,Große Stadt.,Big city.
straße,street,,Breite Straße.,Wide street.
platz,square,,Zentraler Platz.,Central square.
park,park,,Schöner Park.,Beautiful park.
bahnhof,train station,,Am Bahnhof.,At the train station.
flughafen,airport,,Großer Flughafen.,Big airport.
bushaltestelle,bus stop,,Nächste Haltestelle.,Next stop.
auto,car,,Rotes Auto.,Red car.
zug,train,,Schneller Zug.,Fast train.
bus,bus,,Der Bus kommt.,The bus is coming.
fahrrad,bicycle,,Mein Fahrrad.,My bicycle.
flugzeug,plane,,Großes Flugzeug.,Big plane.
schiff,ship,,Großes Schiff.,Big ship.
straße,road,,Lange Straße.,Long road.
weg,path,,Der richtige Weg.,The right path.
brücke,bridge,,Hohe Brücke.,High bridge.
tunnel,tunnel,,Langer Tunnel.,Long tunnel.
ampel,traffic light,,Rote Ampel.,Red light.
schild,sign,,Verbotsschild.,No-entry sign.
polizist,police officer,,Der Polizist.,The police officer.
arzt,doctor,,Zum Arzt gehen.,Go to the doctor.
krankenschwester,nurse,,Die Krankenschwester.,The nurse.
lehrer,teacher,,Guter Lehrer.,Good teacher.
schüler,student,,Fleißiger Schüler.,Hardworking student.
chef,boss,,Der Chef.,The boss.
kollege,colleague,,Lieber Kollege.,Dear colleague.
freund,friend,,Bester Freund.,Best friend.
nachbar,neighbor,,Netter Nachbar.,Nice neighbor.
familie,family,,Große Familie.,Big family.
mutter,mother,,Meine Mutter.,My mother.
vater,father,,Mein Vater.,My father.
sohn,son,,Unser Sohn.,Our son.
tochter,daughter,,Unsere Tochter.,Our daughter.
bruder,brother,,Mein Bruder.,My brother.
schwester,sister,,Meine Schwester.,My sister.
oma,grandma,,Liebe Oma.,Dear grandma.
opa,grandpa,,Lieber Opa.,Dear grandpa.
kind,child,,Kleines Kind.,Small child.
baby,baby,,Süßes Baby.,Cute baby.
mann,man/husband,,Mein Mann.,My husband.
frau,wife/woman,,Meine Frau.,My wife.
name,name,,Vorname und Nachname.,First and last name.
alter,age,,Wie alt bist du?,How old are you?
adresse,address,,Neue Adresse.,New address.
telefonnummer,phone number,,Handynummer.,Mobile number.
geburtstag,birthday,,Alles Gute zum Geburtstag!,Happy birthday!
hochzeit,wedding,,Zur Hochzeit.,To the wedding.
ferien,vacation,,In den Ferien.,On vacation.
urlaub,holiday,,Im Urlaub.,On holiday.
reise,trip,,Gute Reise!,Have a good trip!
hotel,hotel,,Gutes Hotel.,Good hotel.
restaurant,restaurant,,Italienisches Restaurant.,Italian restaurant.
café,café,,Ins Café gehen.,Go to the café.
kino,cinema,,Ins Kino gehen.,Go to the cinema.
theater,theater,,Ins Theater.,To the theater.
museum,museum,,Interessantes Museum.,Interesting museum.
schule,school,,In der Schule.,At school.
universität,university,,An der Uni.,At the uni.
bibliothek,library,,In der Bibliothek.,In the library.
geschäft,shop,,Kleiner Laden.,Small shop.
supermarkt,supermarket,,Großer Supermarkt.,Big supermarket.
bäckerei,bakery,,Zur Bäckerei.,To the bakery.
apotheke,pharmacy,,In der Apotheke.,In the pharmacy.
bank,bank,,Zur Bank.,To the bank.
post,post office,,Zur Post.,To the post office.
montag,Monday,,Am Montag.,On Monday.
dienstag,Tuesday,,Am Dienstag.,On Tuesday.
mittwoch,Wednesday,,Am Mittwoch.,On Wednesday.
donnerstag,Thursday,,Am Donnerstag.,On Thursday.
freitag,Friday,,Am Freitag.,On Friday.
samstag,Saturday,,Am Samstag.,On Saturday.
sonntag,Sunday,,Am Sonntag.,On Sunday.
januar,January,,Im Januar.,In January.
februar,February,,Im Februar.,In February.
märz,March,,Im März.,In March.
april,April,,Im April.,In April.
mai,May,,Im Mai.,In May.
juni,June,,Im Juni.,In June.
juli,July,,Im Juli.,In July.
august,August,,Im August.,In August.
september,September,,Im September.,In September.
oktober,October,,Im Oktober.,In October.
november,November,,Im November.,In November.
dezember,December,,Im Dezember.,In December.
frühling,spring,,Im Frühling.,In spring.
sommer,summer,,Im Sommer.,In summer.
herbst,autumn,,Im Herbst.,In autumn.
winter,winter,,Im Winter.,In winter.
morgen,morning,,Guten Morgen!,Good morning!
mittag,noon,,Guten Tag!,Good day!
abend,evening,,Guten Abend!,Good evening!
nacht,night,,Gute Nacht!,Good night!
stunde,hour,,Eine Stunde.,One hour.
minute,minute,,Zehn Minuten.,Ten minutes.
sekunde,second,,Eine Sekunde.,One second.
woche,week,,Nächste Woche.,Next week.
monat,month,,Nächster Monat.,Next month.
jahr,year,,Nächstes Jahr.,Next year.
heute,today,,Heute ist Freitag.,Today is Friday.
morgen,tomorrow,,Morgen früh.,Tomorrow morning.
übermorgen,day after tomorrow,,Übermorgen komme ich.,Day after tomorrow I'll come.
gestern,yesterday,,Gestern war Sonntag.,Yesterday was Sunday.
vorgestern,day before yesterday,,Vorgestern war kalt.,Day before yesterday was cold.
jetzt,now,,Jetzt sofort!,Now immediately!
später,later,,Später vielleicht.,Later maybe.
bald,soon,,Bald fertig.,Soon done.
schon,already,,Schon da?,Already there?
noch,still,,Noch nicht.,Not yet.
nie,never,,Nie wieder!,Never again!
immer,always,,Immer so.,Always like that.
oft,often,,Oft kommen.,Come often.
selten,rarely,,Selten gesehen.,Rarely seen.
manchmal,sometimes,,Manchmal ja.,Sometimes yes.
gewöhnlich,usually,,Gewöhnlich ja.,Usually yes.
normalerweise,normally,,Normalerweise nicht.,Normally not.
fast,almost,,Fast immer.,Almost always.
beinahe,nearly,,Beinahe vergessen.,Nearly forgotten.
etwa,about/approximately,,Etwa zehn.,About ten.
ungefähr,approximately,,Ungefähr richtig.,Approximately right.
genau,exactly,,Genau um 8.,Exactly at 8.
ungefähr,about,,Ungefähr 100.,About 100.
circa,about,,Circa 50 Euro.,About 50 euros.
plus,plus,,Zwei plus zwei.,Two plus two.
minus,minus,,Fünf minus drei.,Five minus three.
mal,times,,Drei mal vier.,Three times four.
durch,divided by,,Zehn durch zwei.,Ten divided by two.
gleich,equals,,Zwei plus zwei gleich vier.,Two plus two equals four.
mehr,more,,Noch mehr?,Even more?
weniger,less,,Weniger Zucker.,Less sugar.
zu,to,,Zu viel!,Too much!
sehr,very,,Sehr gut!,Very good!
wirklich,really,,Wirklich wahr?,Really true?
total,totally,,Total verrückt!,Totally crazy!
vollkommen,completely,,Vollkommen richtig.,Completely right.
absolut,absolutely,,Absolut sicher.,Absolutely sure.
ziemlich,quite,,Ziemlich gut.,Quite good.
eher,rather,,Eher nein.,Rather no.
kaum,hardly,,Kaum zu glauben.,Hardly believable.
fast,almost,,Fast fertig.,Almost done.
gerade,just/right now,,Gerade angekommen.,Just arrived.
sofort,immediately,,Sofort kommen!,Come immediately!
gleich,right away,,Ich komme gleich!,I'm coming right away!
plötzlich,suddenly,,Plötzlich war er da.,Suddenly he was there.
langsam,slowly,,Langsam essen.,Eat slowly.
schnell,quickly,,Schnell laufen.,Run quickly.
leise,quietly,,Leise sprechen.,Speak quietly.
laut,loudly,,Laut singen.,Sing loudly.
vorsichtig,carefully,,Vorsichtig sein!,Be careful!
ruhig,calmly,,Ruhig bleiben!,Stay calm!
heftig,violently,,Heftig regnen.,Rain heavily.
sanft,gently,,Sanft streicheln.,Stroke gently.
fest,hard/tightly,,Fest halten!,Hold tight!
locker,loosely,,Locker sitzen.,Sit loosely.
direkt,directly,,Direkt daneben.,Directly next to.
indirekt,indirectly,,Indirekt sagen.,Say indirectly.
vorne,in front,,Vorne sitzen.,Sit in front.
hinten,at the back,,Hinten stehen.,Stand at the back.
oben,upstairs,,Oben wohnen.,Live upstairs.
unten,downstairs,,Unten parken.,Park downstairs.
links,left,,Links abbiegen.,Turn left.
rechts,right,,Rechts halten.,Keep right.
geradeaus,straight ahead,,Geradeaus gehen.,Go straight.
zurück,back,,Zurückkommen.,Come back.
vorwärts,forward,,Vorwärts marsch!,Forward march!
rückwärts,backwards,,Rückwärts gehen.,Go backwards.
hoch,up,,Hoch springen.,Jump up.
runter,down,,Runterkommen.,Come down.
rein,in,,Reinkommen!,Come in!
raus,out,,Rausgehen.,Go out.
her,here (direction),,Her damit!,Give it here!
hin,there (direction),,Dorthin gehen.,Go there.
herauf,up here,,Heraufkommen.,Come up here.
herunter,down here,,Herunterkommen.,Come down here.
hinein,into,,Hineingehen.,Go in.
hinaus,out,,Hinausgehen.,Go out.
herüber,over here,,Herüberkommen.,Come over here.
hinüber,over there,,Hinübergehen.,Go over there.
zusammen,together,,Zusammen essen.,Eat together.
allein,alone,,Allein sein.,Be alone.
gemeinsam,together,,Gemeinsam arbeiten.,Work together.
getrennt,separately,,Getrennt zahlen.,Pay separately.
nebenbei,by the way,,Nebenbei bemerkt...,By the way...
übrigens,by the way,,Übrigens,weißt du...?
allerdings,however,,Allerdings teuer.,However expensive.
trotzdem,nevertheless,,Trotzdem komme ich.,Nevertheless I'll come.
sonst,otherwise,,Sonst nichts.,Otherwise nothing.
außerdem,besides,,Außerdem kalt.,Besides cold.
darüber hinaus,furthermore,,Darüber hinaus...,Furthermore...
zwar...aber,although...but,,Zwar schön,aber teuer.
entweder...oder,either...or,,Entweder jetzt oder nie.,Either now or never.
weder...noch,neither...nor,,Weder Fisch noch Fleisch.,Neither fish nor flesh.
sowohl...als auch,both...and,,Sowohl als auch.,Both and.
nicht nur...sondern auch,not only...but also,,Nicht nur gut,sondern super.
je...desto,the...the,,Je früher,desto besser.
obwohl,although,,Obwohl müde.,Although tired.
trotzdem,despite that,,Trotzdem gegangen.,Gone despite that.
damit,so that,,Damit es klappt.,So that it works.
weil,because,,Weil es regnet.,Because it's raining.
da,because,,Da ich müde bin.,Because I am tired.
falls,in case,,Falls es regnet.,In case it rains.
sobald,as soon as,,Sobald möglich.,As soon as possible.
bevor,before,,Bevor es zu spät ist.,Before it's too late.
nachdem,after,,Nachdem wir gegessen haben.,After we ate.
während,while,,Während des Films.,During the movie.
seitdem,since then,,Seitdem nicht mehr.,Not anymore since then.
bis,until,,Bis bald!,Until soon!
solange,as long as,,Solange ich lebe.,As long as I live.
je,ever,,Hast du je...?,Have you ever...?
jemals,ever,,Nie jemals.,Never ever.
schon,already,,Schon gesehen?,Already seen?
noch,still,,Noch da?,Still there?
mehr,no more,,Nicht mehr.,No more.
länger,no longer,,Nicht länger warten.,No longer wait.
bald,soon,,Bald da.,Soon there.
später,later,,Später dann.,Later then.
früher,earlier,,Früher war besser.,Earlier was better.
jetzt,now,,Jetzt aber!,Now though!
gleich,soon/right away,,Gleich da!,Be there soon!
sofort,immediately,,Sofort!,Immediate!
dann,then,,Dann los!,Then go!
danach,afterwards,,Danach essen.,Eat afterwards.
zuerst,first,,Zuerst trinken.,Drink first.
zuerst,first of all,,Zuerst einmal...,First of all...
zuletzt,lastly,,Zuletzt kommt...,Lastly comes...
endlich,finally,,Endlich da!,Finally here!
plötzlich,suddenly,,Plötzlich weg.,Suddenly gone.
langsam,gradually,,Langsam besser.,Gradually better.
schnell,quickly,,Schnell fertig.,Quickly done.
immer,always,,Immer wieder.,Again and again.
oft,often,,Oft hier.,Often here.
selten,rarely,,Selten gesehen.,Rarely seen.
nie,never,,Nie wieder!,Never again!
manchmal,sometimes,,Manchmal ja.,Sometimes yes.
häufig,frequently,,Häufig kommen.,Come frequently.
gelegentlich,occasionally,,Gelegentlich mal.,Occasionally.
regelmäßig,regularly,,Regelmäßig trainieren.,Train regularly.
ständig,constantly,,Ständig läuten.,Constantly ringing.
meistens,mostly,,Meistens ja.,Mostly yes.
gewöhnlich,usually,,Gewöhnlich so.,Usually like that.
normalerweise,normally,,Normalerweise nicht.,Normally not.
typischerweise,typically,,Typischerweise teuer.,Typically expensive.
üblicherweise,usually,,Üblicherweise ja.,Usually yes.
ausnahmsweise,exceptionally,,Ausnahmsweise mal.,Exceptionally once.
zufällig,by chance,,Zufällig hier?,By chance here?
absichtlich,intentionally,,Absichtlich gemacht.,Done intentionally.
unabsichtlich,unintentionally,,Unabsichtlich fallen lassen.,Dropped unintentionally.
freiwillig,voluntarily,,Freiwillig helfen.,Help voluntarily.
zwangsweise,compulsorily,,Zwangsweise mitkommen.,Have to come along.
gerne,gladly,,Sehr gerne!,Very gladly!
ungern,reluctantly,,Ungern zugeben.,Reluctantly admit.
lieber,rather,,Lieber nicht.,Rather not.
am liebsten,preferably,,Am liebsten zu Hause.,Preferably at home.
höchstens,at most,,Höchstens zehn.,At most ten.
mindestens,at least,,Mindestens zwanzig.,At least twenty.
etwa,about,,Etwa so groß.,About that big.
ungefähr,approximately,,Ungefähr richtig.,Approximately right.
circa,circa,,Circa 100 Leute.,Circa 100 people.
plus,plus,,Fünf plus fünf.,Five plus five.
minus,minus,,Zehn minus zwei.,Ten minus two.
mal,times,,Vier mal fünf.,Four times five.
geteilt durch,divided by,,Zwanzig geteilt durch vier.,Twenty divided by four.
gleich,equals,,Zehn plus zehn gleich zwanzig.,Ten plus ten equals twenty.
prozent,percent,,Zehn Prozent.,Ten percent.
halb,half,,Halb zwölf.,Half past eleven.
viertel,quarter,,Viertel nach drei.,Quarter past three.
drittel,third,,Ein Drittel.,One third.
ganz,whole,,Ganz Deutschland.,All of Germany.
halb,half,,Halb voll.,Half full.
voll,full,,Voll besetzt.,Fully occupied.
leer,empty,,Leer stehen.,Stand empty.
teilweise,partly,,Teilweise bewölkt.,Partly cloudy.
vollständig,completely,,Vollständig fertig.,Completely done.
ganz,quite,,Ganz okay.,Quite okay.
total,totally,,Total verrückt.,Totally crazy.
absolut,absolutely,,Absolut richtig.,Absolutely right.
völlig,completely,,Völlig egal.,Completely indifferent.
sehr,very,,Sehr wichtig.,Very important.
äußerst,extremely,,Äußerst selten.,Extremely rare.
besonders,particularly,,Besonders schön.,Particularly beautiful.
außerordentlich,extraordinarily,,Außerordentlich gut.,Extraordinarily good.
ungeheuer,immensely,,Ungeheuer laut.,Immensely loud.
enorm,enormously,,Enorm teuer.,Enormously expensive.
riesig,huge,,Riesig groß.,Huge.
winzig,tiny,,Winzig klein.,Tiny.
gigantisch,gigantic,,Gigantisch groß.,Gigantic.
minimal,minimal,,Minimaler Aufwand.,Minimal effort.
maximal,maximum,,Maximal schnell.,Maximum speed.
optimal,optimal,,Optimal gelöst.,Optimally solved.
perfekt,perfect,,Perfekt!,Perfect!
ideal,ideal,,Ideale Lösung.,Ideal solution.
exzellent,excellent,,Exzellent!,Excellent!
fantastisch,fantastic,,Fantastisch!,Fantastic!
wunderbar,wonderful,,Wunderbar!,Wonderful!
herrlich,gorgeous,,Herrlich!,Gorgeous!
traumhaft,dreamlike,,Traumhaft schön.,Dreamlike beautiful!
zauberhaft,enchanting,,Zauberhaft.,Enchanting!
hinreißend,charming,,Hinreißend!,Charming!
bezaubernd,charming,,Bezaubernd!,Charming!
liebenswert,lovable,,Liebenswert.,Lovable!
nett,nice,,Sehr nett.,Very nice!
freundlich,friendly,,Sehr freundlich.,Very friendly!
höflich,polite,,Sehr höflich.,Very polite!
hilfsbereit,helpful,,Sehr hilfsbereit.,Very helpful!
geduldig,patient,,Bleib geduldig!,Stay patient!
tolerant,tolerant,,Sehr tolerant.,Very tolerant!
offen,open,,Sehr offen.,Very open!
ehrlich,honest,,Ehrlich gesagt...,Honestly speaking...
aufrichtig,sincere,,Aufrichtig gemeint.,Sincerely meant.
fair,fair,,Fair spielen.,Play fair.
gerecht,just,,Gerecht sein.,Be just.
treu,loyal,,Treuer Freund.,Loyal friend.
zuverlässig,reliable,,Sehr zuverlässig.,Very reliable.
pünktlich,punctual,,Immer pünktlich.,Always punctual.
fleißig,hardworking,,Sehr fleißig.,Very hardworking.
intelligent,intelligent,,Sehr intelligent.,Very intelligent.
klug,clever,,Sehr klug.,Very clever!
weise,wise,,Weise Entscheidung.,Wise decision.
kreativ,creative,,Sehr kreativ.,Very creative!
originell,original,,Originelle Idee.,Original idea.
witzig,funny,,Sehr witzig!,Very funny!
humorvoll,humorous,,Humorvoller Mensch.,Humorous person.
lustig,funny,,Lustiger Witz.,Funny joke.
fröhlich,cheerful,,Fröhliche Leute.,Cheerful people.
heiter,cheerful,,Heiteres Gemüt.,Cheerful mood.
glücklich,happy,,Glücklich sein.,Be happy.
zufrieden,satisfied,,Zufrieden sein.,Be satisfied.
stolz,proud,,Stolz auf dich!,Proud of you!
dankbar,grateful,,Sehr dankbar.,Very grateful.
froh,glad,,Froh sein.,Be glad.
begeistert,enthusiastic,,Total begeistert!,Totally enthusiastic!
fasziniert,fascinated,,Fasziniert sein.,Be fascinated.
interessiert,interested,,Sehr interessiert.,Very interested!
neugierig,curious,,Neugierig sein.,Be curious.
mutig,brave,,Sehr mutig.,Very brave!
tapfer,courageous,,Tapfer kämpfen.,Fight courageously.
stark,strong,,Stark bleiben!,Stay strong!
kraftvoll,powerful,,Kraftvolle Stimme.,Powerful voice.
energisch,energetic,,Energisch handeln.,Act energetically.
lebhaft,lively,,Lebhaftes Kind.,Lively child.
aktiv,active,,Aktiv mitmachen.,Join in actively.
dynamisch,dynamic,,Dynamische Person.,Dynamic person.
ruhig,calm,,Ruhig bleiben!,Stay calm!
gelassen,relaxed,,Gelassen bleiben.,Stay relaxed.
entspannt,relaxed,,Entspannt sein.,Be relaxed.
friedlich,peaceful,,Friedliche Lösung.,Peaceful solution.
sanft,gentle,,Sanfte Berührung.,Gentle touch.
zart,tender,,Zarte Haut.,Tender skin.
weich,soft,,Weiches Kissen.,Soft pillow.
hart,hard,,Harte Arbeit.,Hard work.
streng,strict,,Strenge Regeln.,Strict rules.
diszipliniert,disciplined,,Diszipliniert sein.,Be disciplined.
ordentlich,neat,,Ordentlich sein.,Be neat.
sauber,clean,,Sauber machen.,Clean up.
schlampig,sloppy,,Schlampig arbeiten.,Work sloppily.
faul,lazy,,Faul sein.,Be lazy.
träge,sluggish,,Träge werden.,Become sluggish.
langweilig,boring,,Langweilig sein.,Be boring.
spannend,exciting,,Sehr spannend!,Very exciting!
interessant,interesting,,Sehr interessant!,Very interesting!
faszinierend,fascinating,,Faszinierend!,Fascinating!
beeindruckend,impressive,,Beeindruckend!,Impressive!
erstaunlich,amazing,,Erstaunlich!,Amazing!
unglaublich,incredible,,Unglaublich!,Incredible!
wunderbar,wonderful,,Wunderbar!,Wonderful!
schrecklich,terrible,,Schrecklich!,Terrible!
furchtbar,awful,,Furchtbar kalt.,Awfully cold.
grauenhaft,horrible,,Grauenhaft!,Horrible!
entsetzlich,dreadful,,Entsetzlich laut.,Dreadfully loud.
fürchterlich,dreadful,,Fürchterlich!,Dreadful!
ekelhaft,disgusting,,Ekelhaft!,Disgusting!
widerlich,repulsive,,Widerlich!,Repulsive!
hässlich,ugly,,Hässlich sein.,Be ugly.
scheußlich,hideous,,Scheußlich!,Hideous!
traurig,sad,,Traurig sein.,Be sad.
deprimiert,depressed,,Depressiv sein.,Be depressed.
unglücklich,unhappy,,Unglücklich sein.,Be unhappy.
verzweifelt,desperate,,Verzweifelt suchen.,Search desperately.
verärgert,annoyed,,Verärgert sein.,Be annoyed.
wütend,angry,,Wütend werden.,Get angry.
böse,angry,,Böse sein.,Be angry.
sauer,angry,,Sauer sein.,Be angry.
genervt,annoyed,,Genervt sein.,Be annoyed.
gestresst,stressed,,Gestresst sein.,Be stressed.
nervös,nervous,,Nervös sein.,Be nervous.
ängstlich,anxious,,Ängstlich sein.,Be anxious.
furchtlos,fearless,,Furchtlos sein.,Be fearless.
schüchtern,shy,,Schüchtern sein.,Be shy.
schamlos,shameless,,Schamlos lügen.,Lie shamelessly.
stolz,proud,,Stolz sein.,Be proud.
arrogant,arrogant,,Arrogant sein.,Be arrogant.
eingebildet,conceited,,Eingebildet sein.,Be conceited.
bescheiden,modest,,Bescheiden sein.,Be modest.
demütig,humble,,Demütig sein.,Be humble.
selbstbewusst,self-confident,,Selbstbewusst auftreten.,Appear self-confident.
unsicher,insecure,,Unsicher sein.,Be insecure.
verlegen,embarrassed,,Verlegen sein.,Be embarrassed.
peinlich,embarrassing,,Peinlich sein.,Be embarrassing.
komisch,funny/strange,,Komisch aussehen.,Look funny.
lächerlich,ridiculous,,Lächerlich!,Ridiculous!
albern,silly,,Albern sein.,Be silly.
ernst,serious,,Ernst sein.,Be serious.
streng,strict,,Streng sein.,Be strict.
locker,casual,,Locker bleiben.,Stay casual.
cool,cool,,Total cool!,Totally cool!
hip,cool,,Hip sein.,Be hip.
modern,modern,,Modern eingerichtet.,Furnished modern.
altmodisch,old-fashioned,,Altmodisch gekleidet.,Dressed old-fashioned.
traditionell,traditional,,Traditionelle Küche.,Traditional cuisine.
international,international,,International bekannt.,Internationally known.
lokal,local,,Lokales Bier.,Local beer.
regional,regional,,Regionale Produkte.,Regional products.
national,national,,Nationalfeiertag.,National holiday.
global,global,,Global denken.,Think global.
weltweit,worldwide,,Weltweit bekannt.,Worldwide known.
europa,Europe,,In Europa.,In Europe.
deutschland,Germany,,In Deutschland leben.,Live in Germany.
berlin,Berlin,,In Berlin.,In Berlin.
münchen,Munich,,In München.,In Munich.
hamburg,Hamburg,,In Hamburg.,In Hamburg.
köln,Cologne,,In Köln.,In Cologne.
frankfurt,Frankfurt,,In Frankfurt.,In Frankfurt.
stuttgart,Stuttgart,,In Stuttgart.,In Stuttgart.
düsseldorf,Düsseldorf,,In Düsseldorf.,In Düsseldorf.
dortmund,Dortmund,,In Dortmund.,In Dortmund.
essen,Essen,,In Essen.,In Essen.
leipzig,Leipzig,,In Leipzig.,In Leipzig.
dresden,Dresden,,In Dresden.,In Dresden.
hannover,Hanover,,In Hannover.,In Hanover.
nürnberg,Nuremberg,,In Nürnberg.,In Nuremberg.
österreich,Austria,,In Österreich.,In Austria.
wien,Vienna,,In Wien.,In Vienna.
schweiz,Switzerland,,In der Schweiz.,In Switzerland.
zürich,Zurich,,In Zürich.,In Zurich.
frankreich,France,,In Frankreich.,In France.
paris,Paris,,In Paris.,In Paris.
spanien,Spain,,In Spanien.,In Spain.
madrid,Madrid,,In Madrid.,In Madrid.
italien,Italy,,In Italien.,In Italy.
rom,Rome,,In Rom.,In Rome.
england,England,,In England.,In England.
london,London,,In London.,In London.
usa,USA,,In den USA.,In the USA.
new york,New York,,In New York.,In New York.
los angeles,Los Angeles,,In Los Angeles.,In Los Angeles.
china,China,,In China.,In China.
peking,Beijing,,In Peking.,In Beijing.
japan,Japan,,In Japan.,In Japan.
tokyo,Tokyo,,In Tokyo.,In Tokyo.
russland,Russia,,In Russland.,In Russia.
moskau,Moscow,,In Moskau.,In Moscow.
ägypten,Egypt,,In Ägypten.,In Egypt.
kairo,Cairo,,In Kairo.,In Cairo.
brasilien,Brazil,,In Brasilien.,In Brazil.
rio de janeiro,Rio de Janeiro,,In Rio.,In Rio.
australien,Australia,,In Australien.,In Australia.
sydney,Sydney,,In Sydney.,In Sydney.
deutsch,German,,Deutsch sprechen.,Speak German.
englisch,English,,Englisch lernen.,Learn English.
französisch,French,,Französisch können.,Know French.
spanisch,Spanish,,Spanisch verstehen.,Understand Spanish.
italienisch,Italian,,Italienisch essen.,Eat Italian.
chinesisch,Chinese,,Chinesisch kochen.,Cook Chinese.
japanisch,Japanese,,Japanisch lernen.,Learn Japanese.
russisch,Russian,,Russisch sprechen.,Speak Russian.
arabisch,Arabic,,Arabisch verstehen.,Understand Arabic.
portugiesisch,Portuguese,,Portugiesisch können.,Know Portuguese.
sprache,language,,Fremdsprache lernen.,Learn foreign language.
wort,word,,Neues Wort.,New word.
satz,sentence,,Langer Satz.,Long sentence.
grammatik,grammar,,Deutsche Grammatik.,German grammar.
aussprache,pronunciation,,Gute Aussprache.,Good pronunciation.
akzent,accent,,Starker Akzent.,Strong accent.
übersetzen,to translate,,Ins Deutsche übersetzen.,Translate into German.
verstehen,to understand,,Gut verstehen.,Understand well.
sprechen,to speak,,Laut sprechen.,Speak loudly.
hören,to listen,,Gut zuhören.,Listen well.
lesen,to read,,Viel lesen.,Read a lot.
schreiben,to write,,Schön schreiben.,Write nicely.
lernen,to learn,,Schnell lernen.,Learn quickly.
lehren,to teach,,Deutsch lehren.,Teach German.
fragen,to ask,,Fragen stellen.,Ask questions.
antworten,to answer,,Richtig antworten.,Answer correctly.
erklären,to explain,,Gut erklären.,Explain well.
wiederholen,to repeat,,Nochmal wiederholen.,Repeat again.
aussprechen,to pronounce,,Richtig aussprechen.,Pronounce correctly.
fehler,mistake,,Grammatikfehler.,Grammar mistake.
korrigieren,to correct,,Fehler korrigieren.,Correct mistakes.
üben,to practice,,Viel üben.,Practice a lot.
anfangen,to begin,,Jetzt anfangen.,Begin now.
aufhören,to stop,,Nie aufhören.,Never stop.
fortsetzen,to continue,,Weiter fortsetzen.,Continue.
beenden,to finish,,Schnell beenden.,Finish quickly.
fertig,ready,,Fertig sein.,Be ready.
los,start,,Los geht's!,Let's go!
weiter,continue,,Weiter so!,Keep it up!
stopp,stop,,Stopp!,Stop!
halt,stop,,Halt machen.,Make a stop.
pause,break,,Pause machen.,Take a break.
ende,end,,Das Ende.,The end.
anfang,beginning,,Am Anfang.,At the beginning.
mitte,middle,,In der Mitte.,In the middle.
oben,top,,Oben drauf.,On top.
unten,bottom,,Unten drunter.,Underneath.
links,left,,Links davon.,To the left of it.
rechts,right,,Rechts daneben.,To the right of it.
vorne,front,,Vorne stehen.,Stand in front.
hinten,back,,Hinten sitzen.,Sit in back.
innen,inside,,Drinnen sein.,Be inside.
außen,outside,,Draußen warten.,Wait outside.
nahe,near,,Ganz nahe.,Very near.
fern,far,,Weit fern.,Far away.
direkt,direct,,Direkt daneben.,Directly next to.
neben,next to,,Neben mir.,Next to me.
gegenüber,opposite,,Gegenüber sitzen.,Sit opposite.
zwischen,between,,Zwischen uns.,Between us.
hinter,behind,,Hinter dem Haus.,Behind the house.
vor,in front of,,Vor der Tür.,In front of the door.
über,above,,Über den Wolken.,Above the clouds.
unter,below,,Unter dem Tisch.,Under the table.
neben,beside,,Neben dem Bett.,Beside the bed.
bei,at/near,,Bei mir.,Near me.
in,in,,In der Stadt.,In the city.
aus,from/out of,,Aus Berlin.,From Berlin.
zu,to,,Zu dir.,To you.
nach,to/after,,Nach Hause.,Home.
von,from,,Von dort.,From there.
mit,with,,Mit dem Auto.,With the car.
ohne,without,,Ohne Geld.,Without money.
für,for,,Für dich.,For you.
gegen,against,,Gegen den Wind.,Against the wind.
um,around,,Um die Welt.,Around the world.
durch,through,,Durch den Tunnel.,Through the tunnel.
während,during,,Während der Fahrt.,During the ride.
seit,since,,Seit Montag.,Since Monday.
bis,until,,Bis Freitag.,Until Friday.
innerhalb,within,,Innerhalb einer Stunde.,Within an hour.
außerhalb,outside,,Außerhalb der Stadt.,Outside the city.
trotz,despite,,Trotz Regen.,Despite rain.
wegen,because of,,Wegen dir.,Because of you.
laut,according to,,Laut Wetterbericht.,According to the weather report.
gemäß,according to,,Gemäß Plan.,According to plan.
anstatt,instead of,,Anstatt Kaffee Tee.,Tea instead of coffee.
statt,instead of,,Statt zu laufen fahren.,Drive instead of walk.
außer,except,,Außer dir.,Except you.
einschließlich,including,,Einschließlich MwSt.,Including VAT.
ausschließlich,excluding,,Ausschließlich Barzahlung.,Cash only.
ab,from,,Ab morgen.,From tomorrow.
bis,to/until,,Bis bald!,See you soon!
von...bis,from...to,,Von Montag bis Freitag.,From Monday to Friday.
seit,since,,Seit 2020.,Since 2020.
vor,before,,Vor zwei Stunden.,Two hours ago.
nach,after,,Nach dem Essen.,After eating.
heute,today,,Heute Abend.,Tonight.
morgen,tomorrow,,Morgen früh.,Tomorrow morning.
übermorgen,day after tomorrow,,Übermorgen vielleicht.,Day after tomorrow perhaps.
gestern,yesterday,,Gestern Nacht.,Last night.
vorgestern,day before yesterday,,Vorgestern war schön.,Day before yesterday was nice.
jetzt,now,,Jetzt gleich!,Right now!
sofort,immediately,,Sofort los!,Go immediately!
gleich,soon,,Gleich da!,Be there soon!
bald,soon,,Bald fertig.,Soon finished.
später,later,,Später mehr.,More later.
früher,earlier,,Früher aufstehen.,Get up earlier.
dann,then,,Dann sehen wir.,Then we'll see.
danach,after that,,Danach schlafen.,Sleep after that.
zuvor,before that,,Zuvor essen.,Eat before that.
zuerst,first,,Zuerst denken.,Think first.
zuerst,at first,,Zuerst langsam.,At first slowly.
zuletzt,last,,Zuletzt lachen.,Laugh last.
schließlich,finally,,Schließlich doch.,Finally after all.
endlich,finally,,Endlich Feierabend!,Finally off work!
plötzlich,suddenly,,Plötzlich dunkel.,Suddenly dark.
sofort,immediately,,Sofort reagieren.,React immediately.
gleichzeitig,simultaneously,,Gleichzeitig essen und reden.,Eat and talk simultaneously.
derweil,meanwhile,,Derweil warten.,Wait meanwhile.
inzwischen,meanwhile,,Inzwischen fertig.,Meanwhile done.
vorher,beforehand,,Vorher anrufen.,Call beforehand.
nachher,afterwards,,Nachher treffen.,Meet afterwards.
immer,always,,Immer pünktlich.,Always on time.
nie,never,,Nie vergessen.,Never forget.
oft,often,,Oft kommen.,Come often.
selten,rarely,,Selten trinken.,Rarely drink.
manchmal,sometimes,,Manchmal regnet es.,Sometimes it rains.
häufig,frequently,,Häufig benutzt.,Frequently used.
gelegentlich,occasionally,,Gelegentlich mal.,Occasionally.
regelmäßig,regularly,,Regelmäßig kommen.,Come regularly.
ständig,constantly,,Ständig läuten.,Constantly ringing.
meistens,mostly,,Meistens sonnig.,Mostly sunny.
gewöhnlich,usually,,Gewöhnlich ja.,Usually yes.
normalerweise,normally,,Normalerweise nicht.,Normally not.
typischerweise,typically,,Typischerweise teuer.,Typically expensive.
üblicherweise,usually,,Üblicherweise so.,Usually like that.
ausnahmsweise,exceptionally,,Ausnahmsweise mal.,Exceptionally once.
zufällig,by chance,,Zufällig getroffen.,Met by chance.
absichtlich,on purpose,,Absichtlich langsam.,On purpose slowly.
unabsichtlich,accidentally,,Unabsichtlich fallen lassen.,Drop accidentally.
freiwillig,voluntarily,,Freiwillig mitkommen.,Come voluntarily.
zwangsweise,compulsorily,,Zwangsweise lachen.,Have to laugh.
gerne,gladly,,Gerne helfen.,Gladly help.
ungern,reluctantly,,Ungern zugeben.,Reluctantly admit.
lieber,rather,,Lieber Tee.,Rather tea.
am liebsten,preferably,,Am liebsten Kaffee.,Preferably coffee.
höchstens,at most,,Höchstens fünf.,At most five.
mindestens,at least,,Mindestens zehn.,At least ten.
etwa,about,,Etwa 20 Euro.,About 20 euros.
ungefähr,approximately,,Ungefähr richtig.,Approximately right.
circa,circa,,Circa 100.,Circa 100.
plus,plus,,Zehn plus fünf.,Ten plus five.
minus,minus,,Zwanzig minus acht.,Twenty minus eight.
mal,times,,Sechs mal sieben.,Six times seven.
geteilt durch,divided by,,Hundert geteilt durch vier.,Hundred divided by four.
gleich,equals,,Fünf plus fünf gleich zehn.,Five plus five equals ten.
prozent,percent,,Fünfzig Prozent.,Fifty percent.
halb,half,,Halb acht.,Half past seven.
viertel,quarter,,Viertel vor neun.,Quarter to nine.
drittel,third,,Ein Drittel.,One third.
ganz,whole,,Ganz Deutschland.,All of Germany.
halb,half,,Halb leer.,Half empty.
voll,full,,Voll besetzt.,Fully booked.
leer,empty,,Leer ausgehen.,Come away empty.
teilweise,partly,,Teilweise sonnig.,Partly sunny.
vollständig,completely,,Vollständig leer.,Completely empty.
ganz,quite,,Ganz nett.,Quite nice.
total,totally,,Total voll.,Totally full.
absolut,absolutely,,Absolut leer.,Absolutely empty.
völlig,completely,,Völlig fertig.,Completely done.
sehr,very,,Sehr voll.,Very full.
äußerst,extremely,,Äußerst leer.,Extremely empty.
besonders,particularly,,Besonders voll.,Particularly full.
außerordentlich,extraordinarily,,Außerordentlich gut.,Extraordinarily good.
ungeheuer,tremendously,,Ungeheuer laut.,Tremendously loud.
enorm,enormously,,Enorm teuer.,Enormously expensive.
riesig,huge,,Riesig groß.,Huge.
winzig,tiny,,Winzig klein.,Tiny.
gigantisch,gigantic,,Gigantisch!,Gigantic!
minimal,minimal,,Minimaler Preis.,Minimal price.
maximal,maximum,,Maximalgeschwindigkeit.,Maximum speed.
optimal,optimal,,Optimale Lösung.,Optimal solution.
perfekt,perfect,,Perfekt!,Perfect!
ideal,ideal,,Ideales Wetter.,Ideal weather.
exzellent,excellent,,Exzellent!,Excellent!
fantastisch,fantastic,,Fantastisch!,Fantastic!
wunderbar,wonderful,,Wunderbar!,Wonderful!
herrlich,gorgeous,,Herrliches Essen!,Gorgeous food!
traumhaft,dreamy,,Traumhaft schön.,Dreamy beautiful!
zauberhaft,enchanting,,Zauberhaft!,Enchanting!
hinreißend,ravishing,,Hinreißend!,Ravishing!
bezaubernd,charming,,Bezaubernd!,Charming!
liebenswert,lovable,,Liebenswerter Mensch.,Lovable person.
nett,nice,,Nett von dir.,Nice of you.
freundlich,friendly,,Freundliches Personal.,Friendly staff.
höflich,polite,,Höflich fragen.,Ask politely.
hilfsbereit,helpful,,Hilfsbereit sein.,Be helpful.
geduldig,patient,,Geduldig warten.,Wait patiently.
tolerant,tolerant,,Tolerant sein.,Be tolerant.
offen,open,,Offen sprechen.,Speak openly.
ehrlich,honest,,Ehrlich sein.,Be honest.
aufrichtig,sincere,,Aufrichtig gemeint.,Sincerely meant.
fair,fair,,Fair spielen.,Play fair.
gerecht,just,,Gerecht teilen.,Share fairly.
treu,loyal,,Treu bleiben.,Stay loyal.
zuverlässig,reliable,,Zuverlässiger Partner.,Reliable partner.
pünktlich,punctual,,Pünktlich kommen.,Come on time.
fleißig,diligent,,Fleißig lernen.,Study diligently.
intelligent,intelligent,,Intelligenter Mensch.,Intelligent person.
klug,smart,,Kluge Entscheidung.,Smart decision.
weise,wise,,Weise Worte.,Wise words.
kreativ,creative,,Kreative Idee.,Creative idea.
originell,original,,Originelles Geschenk.,Original gift.
witzig,witty,,Witziger Spruch.,Witty saying.
humorvoll,humorous,,Humorvoller Film.,Humorous movie.
lustig,funny,,Lustige Geschichte.,Funny story.
fröhlich,cheerful,,Fröhlicher Mensch.,Cheerful person.
heiter,merry,,Heitere Stimmung.,Merry mood.
glücklich,happy,,Glückliche Familie.,Happy family.
zufrieden,satisfied,,Zufriedener Kunde.,Satisfied customer.
stolz,proud,,Stolz auf das Ergebnis.,Proud of the result.
dankbar,grateful,,Dankbar sein.,Be grateful.
froh,joyful,,Froh über das Geschenk.,Joyful about the gift.
begeistert,enthusiastic,,Begeistert applaudieren.,Applaud enthusiastically.
fasziniert,fascinated,,Fasziniert zuschauen.,Watch fascinated.
interessiert,interested,,Interessiert zuhören.,Listen interested.
neugierig,curious,,Neugieriges Kind.,Curious child.
mutig,brave,,Mutig sein.,Be brave.
tapfer,valiant,,Tapfer kämpfen.,Fight valiantly.
stark,strong,,Stark bleiben.,Stay strong.
kraftvoll,powerful,,Kraftvoller Auftritt.,Powerful performance.
energisch,energetic,,Energisch arbeiten.,Work energetically.
lebhaft,lively,,Lebhaftes Gespräch.,Lively conversation.
aktiv,active,,Aktives Mitglied.,Active member.
dynamisch,dynamic,,Dynamische Entwicklung.,Dynamic development.
ruhig,calm,,Ruhige See.,Calm sea.
gelassen,composed,,Gelassen reagieren.,React composed.
entspannt,relaxed,,Entspannte Atmosphäre.,Relaxed atmosphere.
friedlich,peaceful,,Friedliche Zeiten.,Peaceful times.
sanft,gentle,,Sanfte Brise.,Gentle breeze.
zart,delicate,,Zarte Berührung.,Delicate touch.
weich,soft,,Weiche Landung.,Soft landing.
hart,hard,,Harte Zeiten.,Hard times.
streng,strict,,Strenge Lehrerin.,Strict teacher.
diszipliniert,disciplined,,Diszipliniertes Team.,Disciplined team.
ordentlich,tidy,,Ordentliches Zimmer.,Tidy room.
sauber,clean,,Sauberes Hemd.,Clean shirt.
schlampig,sloppy,,Schlampige Arbeit.,Sloppy work.
faul,lazy,,Fauler Tag.,Lazy day.
träge,lethargic,,Träges Gefühl.,Lethargic feeling.
langweilig,boring,,Langweiliger Film.,Boring movie.
spannend,exciting,,Spannendes Buch.,Exciting book.
interessant,interesting,,Interessanter Vortrag.,Interesting lecture.
faszinierend,fascinating,,Faszinierende Geschichte.,Fascinating story.
beeindruckend,impressive,,Beeindruckendes Gebäude.,Impressive building.
erstaunlich,astonishing,,Erstaunliche Leistung.,Astonishing performance.
unglaublich,incredible,,Unglaublicher Zufall.,Incredible coincidence.
wunderbar,wonderful,,Wunderbares Gefühl.,Wonderful feeling.
schrecklich,awful,,Schreckliches Wetter.,Awful weather.
furchtbar,terrible,,Furchtbare Nachrichten.,Terrible news.
grauenhaft,ghastly,,Grauenhafter Anblick.,Ghastly sight.
entsetzlich,dreadful,,Entsetzliche Kälte.,Dreadful cold.
fürchterlich,dreadful,,Fürchterlicher Lärm.,Dreadful noise.
ekelhaft,disgusting,,Ekelhafter Geruch.,Disgusting smell.
widerlich,repugnant,,Widerliches Essen.,Repugnant food.
hässlich,ugly,,Hässliches Gebäude.,Ugly building.
scheußlich,hideous,,Scheußliches Wetter.,Hideous weather.
traurig,sad,,Traurige Musik.,Sad music.
deprimiert,depressed,,Depressiv gestimmt.,Depressed mood.
unglücklich,unhappy,,Unglückliches Ende.,Unhappy ending.
verzweifelt,desperate,,Verzweifelt suchen.,Search desperately.
verärgert,irritated,,Verärgert sein.,Be irritated.
wütend,furious,,Wütend werden.,Get furious.
böse,mad,,Böse gucken.,Look mad.
sauer,mad,,Sauer sein.,Be mad.
genervt,annoyed,,Genervt von Lärm.,Annoyed by noise.
gestresst,stressed,,Gestresst vom Job.,Stressed from work.
nervös,nervous,,Nervös vor Prüfung.,Nervous before exam.
ängstlich,fearful,,Ängstlich sein.,Be fearful.
furchtlos,fearless,,Furchtlos vorangehen.,Go forward fearlessly.
schüchtern,shy,,Schüchtern lächeln.,Smile shyly.
schamlos,shameless,,Schamlos lügen.,Lie shamelessly.
stolz,proud,,Stolz erfüllt.,Filled with pride.
arrogant,arrogant,,Arrogantes Verhalten.,Arrogant behavior.
eingebildet,conceited,,Eingebildeter Typ.,Conceited guy.
bescheiden,modest,,Bescheiden bleiben.,Stay modest.
demütig,humble,,Demütig danken.,Thank humbly.
selbstbewusst,self-confident,,Selbstbewusst auftreten.,Appear self-confident.
unsicher,insecure,,Unsicher fühlen.,Feel insecure.
verlegen,embarrassed,,Verlegen lächeln.,Smile embarrassed.
peinlich,embarrassing,,Peinliche Situation.,Embarrassing situation.
komisch,odd,,Komisches Gefühl.,Odd feeling.
lächerlich,ridiculous,,Lächerlich aussehen.,Look ridiculous.
albern,silly,,Albern lachen.,Laugh silly.
ernst,serious,,Ernst bleiben.,Stay serious.
streng,severe,,Strenge Mine.,Severe expression.
locker,relaxed,,Locker drauf sein.,Be relaxed about it.
cool,cool,,Cool bleiben.,Stay cool.
hip,hip,,Hippe Kleidung.,Hip clothing.
modern,modern,,Modernes Design.,Modern design.
altmodisch,old-fashioned,,Altmodische Möbel.,Old-fashioned furniture.
traditionell,traditional,,Traditionelles Fest.,Traditional festival.
international,international,,Internationaler Flughafen.,International airport.
lokal,local,,Lokales Geschäft.,Local shop.
regional,regional,,Regionale Spezialitäten.,Regional specialties.
national,national,,Nationaler Feiertag.,National holiday.
global,global,,Globale Erwärmung.,Global warming.
weltweit,worldwide,,Weltweite Nachrichten.,Worldwide news.